ID,Title,Category,Icon,Featured,Crisis,Description,Keywords,Detail 1,Detail 2,Detail 3,Primary URL,Button label,Secondary label,Secondary URL,Contact 1 type,Contact 1 label,Contact 1 URL,Contact 2 type,Contact 2 label,Contact 2 URL,Source record,Source note
peer-tutor,Peer Tutor & Mentor Support,education,book,TRUE,FALSE,"Get matched with free peer tutoring or mentoring for coursework, board preparation, clerkships, and student life.",academic support tutor tutoring mentor mentoring study usmle step shelf exam appointment request form oasc,Use Einstein’s Peer Support Network to request a tutor or mentor matched to your needs.,"Peer tutoring is available for basic science and systems courses, USMLE Step 1 and Step 2, shelf exams, and study strategy.",Scheduling is arranged directly between you and your tutor or mentor.,https://einsteinmed.edu/education/life-einstein/for-students/academic-support-counseling/peer-support-network,View peer support,,,mail,oasc@einsteinmed.edu,mailto:oasc@einsteinmed.edu,phone,718-430-3154,tel:+17184303154,Education / Peer Tutor Form.docx,
laundry,Laundry in Student Housing,housing,laundry,FALSE,FALSE,Find the school's housing guidance for using and monitoring residence-hall laundry machines.,washer dryer washing clothes residence apartment hercules cp mobile app housing faq,The official housing FAQ directs residents to the Hercules CP Mobile app for laundry.,Use the app to manage laundry and check a machine’s status while it is in use.,Open the housing FAQ for the latest housing instructions and related contacts.,https://einsteinmed.edu/docs/administration/auxiliary-services/housing/housing-faqs.pdf,Open housing FAQ,,,,,,,,,Housing / Laundry.docx,
work-order,Housing Work Order,housing,tool,TRUE,FALSE,Submit a maintenance request for an issue in Einstein student housing through the housing work-order portal.,repair maintenance apartment residence broken leak ac heat internet request archibus emergency facilities,Open the housing work-order portal and sign in with your Einstein credentials.,Describe the problem and include enough detail for the maintenance team to locate and assess it.,"For an after-hours housing emergency such as flooding, loss of power, fire, or a gas odor, contact the 1935 security desk.",https://montefiore-archibus.buildingi.com/archibus/schema/ab-products/essential/workplace/index.html,Open work-order portal,Housing FAQ,https://einsteinmed.edu/docs/administration/auxiliary-services/housing/housing-faqs.pdf,phone,After-hours: 718-430-3066,tel:+17184303066,,,,Housing / Work Order.docx,
wifi,EinsteinSecure Wi-Fi,it,wifi,TRUE,FALSE,Enroll a phone or computer on EinsteinSecure with the SecureW2 setup flow for your device.,wifi wi-fi internet wireless network connect certificate securew2 windows mac iphone android password it setup,Open the enrollment link from the device you want to connect and follow the SecureW2 prompts.,Authenticate once with your Montefiore Active Directory credentials when prompted.,"After installing the profile or wrapper, select EinsteinSecure when you are on campus.",https://cloud.securew2.com/public/31777/EinsteinSecure/,Start Wi-Fi setup,Read device instructions,https://it.einsteinmed.edu/documentation/how-to-connect-to-einsteinsecure/,,,,,,,IT / Wi-Fi Access.docx,
jury-duty,Jury Duty Guidance,miscellaneous,jury,FALSE,FALSE,Review school guidance and documentation for responding to a jury-duty summons while enrolled.,court summons civic service absence attendance postponement deferment letter policy documentation,Open the school’s jury-duty document before responding to a summons.,"Confirm any attendance, documentation, or scheduling requirements with Student Affairs if your service could affect coursework or clinical duties.","Because court and school requirements can change, use the linked document as the current point of reference.",https://einsteinmed.edu/uploadedFiles/education/student-affairs/student-activities/jury-duty.pdf,View jury-duty guide,,,,,,,,,Miscellaneous / Jury Duty.docx,
shuttle,Clerkship Shuttle & E-Car,miscellaneous,shuttle,TRUE,FALSE,"Check clerkship transportation between Belfer and Montefiore-Moses, plus E-Car reservation and safety guidance.",transport bus route schedule ride car service clerkship moses belfer ecar best deal commute,The clerkship shuttle runs between Belfer at 1300 Morris Park Avenue and Montefiore-Moses on weekdays.,"For other supported clerkship locations or off-hours travel, use the E-Car reservation system described in the guide.",Match the arriving vehicle and license plate to your confirmation before getting in.,https://einsteinmed.edu/docs/administration/auxiliary-services/einstein-student-transportation-to-clerkship.pdf,View transportation guide,,,mail,transport@einsteinmed.edu,mailto:transport@einsteinmed.edu,phone,Best Deal: 718-798-5555,tel:+17187985555,Miscellaneous / Shuttle Schedule.docx,
health-insurance,Student Health Insurance,health,shield,FALSE,FALSE,Find current health-insurance budget information and the school’s note about waiving coverage with a comparable plan.,coverage plan waive waiver comparable insurance premium cost fee benefits medical anthem finance budget,Review the current M.D. cost-of-attendance page for the student health-insurance budget line.,The school notes that student health insurance may be waived with proof of comparable insurance.,"Confirm deadlines, plan terms, and waiver documentation with the responsible school office before taking action.",https://einsteinmed.edu/education/student-finance/cost-attendance-md-students,Review insurance information,,,,,,,,,Student Health / Health Insurance.docx,
mental-health,Student Mental Health Center,health,heart,TRUE,TRUE,"Access free, confidential counseling, medication consultation, group therapy, and referrals for longer-term care.",counseling therapist therapy stress anxiety depression crisis confidential psychiatry appointment wellness support 988,"The center offers free, confidential mental health services to Einstein students and trainees by appointment.","Available care includes short-term counseling, medication consultation and management, and group psychotherapy.",Appointments may be in person or virtual. Call the center or use the official page for current scheduling details.,https://einsteinmed.edu/education/life-einstein/for-students/health-wellness/student-mental-health-center,View care options,,,phone,Appointments: 718-839-7400,tel:+17188397400,,,,Student Health / Mental Health.docx,
student-health,Student Health Center,health,clinic,TRUE,FALSE,"Schedule primary care, preventive services, immunizations, sexual health care, or a referral to specialty care.",doctor primary care appointment physical illness injury immunization vaccine sexual health mychart clinic occupational exposure medical,The Student Health Center provides primary care and preventive services by appointment; it does not offer walk-in visits.,Schedule through MyChart or call during office hours. The center tries to accommodate same-day visits when possible.,"The center is at 1180 Morris Park Avenue, floor 2, room 220.",https://einsteinmed.edu/education/life-einstein/for-students/wellmed-health-wellness/student-health-center,Open Student Health,,,phone,Appointments: 347-498-2439,tel:+13474982439,,,,Student Health / Student Health.docx,
TEST,TEST,health,clinic,TRUE,FALSE,This is a test,doctor primary care appointment physical illness injury immunization vaccine sexual health mychart clinic occupational exposure medical,This is a test to see if this works,,,https://youtube.com,Open youtube,,,,,,,,,,
